{
  "swagger": "2.0",
  "info": {
    "version": "1.0.0",
    "title": "MenuBuilder Swagger API Documention",
    "description": "BNRY MenuBuilder Swagger API Documention"
  },
  "host": "localhost",
  "basePath": ":4001/api",
  "tags": [
    {
      "name": "Users",
      "description": "API for users in the system"
    },
    {
      "name": "stockItems",
      "description": "API for stockItems in the system"
    }
  ],
  "schemes": [
    "http"
  ],
  "consumes": [
    "application/json"
  ],
  "produces": [
    "application/json"
  ],
  "paths": {
    "/users": {
      "get": {
        "tags": [
          "Users"
        ],
        "summary": "Get all users in system"
      }
    },
    "/stockItems": {
      "get": {
        "tags": [
          "stockItems"
        ],
        "summary": "Get all stockItems in system"
      }
    }
  }
}